Title                    ,Artist                   ,Producer                 ,Time   ,Is Available 
Born To Die              ,Lana Del Rey             ,EMG Music                ,57.0   ,No          
Justified                ,Justin Timberlake        ,Timbaland                ,65.0   ,No          
The Fame                 ,Lady Gaga                ,PopSchow Records         ,55.0   ,No          
Anti                     ,Rihanna                  ,MGRecords                ,59.0   ,No          
Radioactive              ,Imagine Dragon           ,Sony Music               ,60.0   ,No          
